{"target":[{"material":{"instanceID":28448},"pos":{"x":7.187402725219727,"y":0.48580169677734377,"z":0.8018693923950195}},{"material":{"instanceID":28446},"pos":{"x":1.3007392883300782,"y":0.12162017822265625,"z":-3.4808454513549806}}]}